грех,ссылка,текст,почему подходит
Чревоугодие,Мф 4:4,"Не хлебом одним будет жить человек, но всяким словом, исходящим из уст Божиих",прямо о том что еда не главное
Чревоугодие,Мф 6:25,"Не заботьтесь для души вашей, что вам есть и что пить",заботы о еде
Чревоугодие,Лк 21:34,"Смотрите же за собою, чтобы сердца ваши не отягчались объядением и пьянством",прямо названо объядение
Чревоугодие,Ин 6:27,"Старайтесь не о пище тленной, но о пище, пребывающей в жизнь вечную",пища тленная против вечной
Чревоугодие,Мф 15:11,"Не то, что входит в уста, оскверняет человека, но то, что выходит из уст",про то что входит в уста
Алчность,Мф 6:24,Не можете служить Богу и маммоне,маммона — богатство
Алчность,Мф 6:19,Не собирайте себе сокровищ на земле,накопительство
Алчность,Мф 6:21,"Где сокровище ваше, там будет и сердце ваше",привязанность к богатству
Алчность,Мф 16:26,"Какая польза человеку, если он приобретет весь мир, а душе своей повредит?",приобретательство
Алчность,Лк 12:15,"Берегитесь любостяжания, ибо жизнь человека не зависит от изобилия его имения",прямо названо любостяжание
Алчность,Мф 19:24,"Удобнее верблюду пройти сквозь игольные уши, нежели богатому войти в Царство Божие",богатство
Алчность,Лк 12:33,Продавайте имения ваши и давайте милостыню,противоположность покупкам
Зависть,Мф 20:15,"Или глаз твой завистлив оттого, что я добр?",прямо названа зависть
Зависть,Ин 21:22,Что тебе до того? ты иди за Мною,не сравнивай себя с другим
Зависть,Мф 7:3,"Что ты смотришь на сучок в глазе брата твоего, а бревна в твоем глазе не чувствуешь?",смотреть на чужое
Зависть,Лк 6:37,"Не судите, и не будете судимы; не осуждайте, и не будете осуждены",осуждение других
Гордыня,Лк 14:11,"Всякий возвышающий сам себя унижен будет, а унижающий себя возвысится",прямо о возвышении себя
Гордыня,Мф 5:3,"Блаженны нищие духом, ибо их есть Царство Небесное",смирение
Гордыня,Мф 20:16,"Так будут последние первыми, и первые последними",против «лучших» и «первых»
Гордыня,Лк 18:11,"Боже! благодарю Тебя, что я не таков, как прочие люди",слова гордого фарисея
Гордыня,Мк 9:35,"Кто хочет быть первым, будь из всех последним и всем слугою",против лидерства ради себя
Гордыня,Мф 18:4,"Кто умалится, как это дитя, тот и больше в Царстве Небесном",смирение
Гнев,Мф 5:9,"Блаженны миротворцы, ибо они будут наречены сынами Божиими",противоположность гневу
Гнев,Мф 5:44,"Любите врагов ваших, благословляйте проклинающих вас",ответ на вражду
Гнев,Мф 5:22,"Всякий, гневающийся на брата своего напрасно, подлежит суду",прямо назван гнев
Гнев,Мф 5:39,"Кто ударит тебя в правую щеку твою, обрати к нему и другую",не отвечать злом
Гнев,Мф 26:52,"Все, взявшие меч, мечом погибнут",насилие
Гнев,Лк 6:28,Благословляйте проклинающих вас и молитесь за обижающих вас,ответ на обиду
Лень,Мф 25:26,Лукавый раб и ленивый!,прямо названа лень
Лень,Мф 26:41,"Бодрствуйте и молитесь, чтобы не впасть в искушение",бодрствование
Лень,Мф 9:37,"Жатвы много, а делателей мало",работы много
Лень,Мф 25:13,"Бодрствуйте, потому что не знаете ни дня, ни часа",не откладывать
Лень,Ин 9:4,"Мне должно делать дела Пославшего Меня, доколе есть день",делать пока есть время
Похоть,Мф 5:28,"Всякий, кто смотрит на женщину с вожделением, уже прелюбодействовал с нею в сердце своем",прямо названо вожделение
Похоть,Мф 6:22,"Светильник для тела есть око. Итак, если око твое будет чисто, то всё тело твое будет светло",чистота взгляда
Похоть,Мф 26:41,"Дух бодр, плоть же немощна",слабость плоти
Похоть,Ин 8:11,"И Я не осуждаю тебя; иди и впредь не греши",мягкое прощение
Чистая страница,Мф 5:8,"Блаженны чистые сердцем, ибо они Бога узрят",для страницы без грехов
