грех,начало слова,пример
Чревоугодие,бургер,бургерная
Чревоугодие,пицц,пиццерия
Чревоугодие,вкусн,вкусняшки
Чревоугодие,десерт,десерты
Чревоугодие,шоколад,шоколадный
Чревоугодие,торт,тортик
Чревоугодие,суши,суши
Чревоугодие,ролл,роллы
Чревоугодие,фастфуд,фастфуд
Чревоугодие,калори,калорийный
Чревоугодие,сладк,сладкое
Чревоугодие,бекон,бекон
Чревоугодие,шаурм,шаурма
Чревоугодие,обжор,обжорство
Чревоугодие,деликатес,деликатесы
Чревоугодие,пирож,пирожное
Чревоугодие,морожен,мороженое
Чревоугодие,закуск,закуски
Чревоугодие,ресторан,ресторан
Чревоугодие,burger,burger
Чревоугодие,pizza,pizza
Алчность,купи,купить
Алчность,купл,куплю
Алчность,покупк,покупка
Алчность,скидк,скидки
Алчность,распродаж,распродажа
Алчность,кэшбэк,кэшбэк
Алчность,кешбэк,кешбэк
Алчность,выгод,выгодно
Алчность,прибыл,прибыль
Алчность,богатств,богатство
Алчность,богач,богачи
Алчность,деньг,деньги
Алчность,денег,денег
Алчность,кредит,кредит
Алчность,заработ,заработок
Алчность,бонус,бонусы
Алчность,промокод,промокод
Алчность,акци,акция
Алчность,дешев,дешевле
Алчность,миллион,миллионер
Алчность,инвест,инвестиции
Алчность,sale,sale
Зависть,завид,завидовать
Зависть,завист,завистник
Зависть,подписчик,подписчики
Зависть,лайк,лайки
Зависть,рейтинг,рейтинг
Зависть,успешн,успешный
Зависть,роскош,роскошный
Зависть,знаменит,знаменитость
Зависть,популярн,популярный
Зависть,тренд,тренды
Зависть,хайп,хайп
Зависть,блогер,блогерша
Зависть,идеальн,идеальная
Гордыня,лучш,лучший
Гордыня,премиум,премиум
Гордыня,элитн,элитный
Гордыня,эксклюзив,эксклюзивный
Гордыня,победител,победитель
Гордыня,лидер,лидер рынка
Гордыня,селфи,селфи
Гордыня,гениальн,гениальный
Гордыня,уникальн,уникальный
Гордыня,превосход,превосходство
Гордыня,престиж,престижный
Гордыня,чемпион,чемпион
Гордыня,топов,топовый
Гордыня,vip,VIP
Гнев,ненавис,ненависть
Гнев,ненавид,ненавидеть
Гнев,скандал,скандал
Гнев,ярост,яростный
Гнев,бесит,бесит
Гнев,ссор,ссора
Гнев,оскорб,оскорбление
Гнев,злоб,злобный
Гнев,гнев,гневный
Гнев,хейт,хейтеры
Гнев,конфликт,конфликт
Гнев,разгром,разгромный
Гнев,возмущ,возмущение
Гнев,агресс,агрессия
Лень,лень,лень
Лень,ленив,ленивый
Лень,отдых,отдых
Лень,диван,диван
Лень,сериал,сериалы
Лень,выходн,выходные
Лень,отпуск,отпуск
Лень,прокрастин,прокрастинация
Лень,расслаб,расслабиться
Лень,релакс,релакс
Лень,курорт,курорт
Лень,спать,спать
Похоть,секс,сексуальный
Похоть,эроти,эротика
Похоть,страст,страстный
Похоть,соблазн,соблазнительный
Похоть,флирт,флирт
Похоть,обнаж,обнажённый
Похоть,знакомств,знакомства
Похоть,свидани,свидание
Похоть,поцелу,поцелуй
Похоть,интим,интимный
